#	LRG id :	LRG_517						
#	Gene Symbol :	RB1						
#	Chromosome :	chr13						
#	Strand :	+						
#	Transcript number :	t1						
#								
# exon_no	start	end	exon_length	GRCh37.p13_start	GRCh37.p13_end	GRCh38.p7_start	GRCh38.p7_end	seq
1	5001	5303	302	48877884	48878185	48303748	48304049	CTCAGTTGCCGGGCGGGGGAGGGCGCGTCCGGTTTTTCTCAGGGGACGTTGAAATTATTTTTGTAACGGGAGTCGGGAGAGGACGGGGCGTGCCCCGACGTGCGCGCGCGTCGTCCTCCCCGGCGCTCCTCCACAGCTCGCTGGCTCCCGCCGCGGAAAGGCGTCATGCCGCCCAAAACCCCCCGAAAAACGGCCGCCACCGCCGCCGCTGCCGCCGCGGAACCCCCGGCACCGCCGCCGCCGCCCCCTCCTGAGGAGGACCCAGAGCAGGACAGCGGCCCGGAGGACCTGCCTCTCGTCAG
2	8534	8660	126	48881417	48881542	48307281	48307406	CTTGAGTTTGAAGAAACAGAAGAACCTGATTTTACTGCATTATGTCAGAAATTAAAGATACCAGATCATGTCAGAGAGAGAGCTTGGTTAACTTGGGAGAAAGTTTCATCTGTGGATGGAGTATTG
3	43853	43968	115	48916736	48916850	48342600	48342714	GAGGTTATATTCAAAAGAAAAAGGAACTGTGGGGAATCTGTATCTTTATTGCAGCAGTTGACCTAGATGAGATGTCGTTCACTTTTACTGAGCTACAGAAAAACATAGAAATCAG
4	46334	46453	119	48919217	48919335	48345081	48345199	GTCCATAAATTCTTTAACTTACTAAAAGAAATTGATACCAGTACCAAAGTTGATAATGCTATGTCAAGACTGTTGAAGAAGTATGATGTATTGTTTGCACTCTTCAGCAAATTGGAAAG
5	49079	49117	38	48921962	48921999	48347826	48347863	ACATGTGAACTTATATATTTGACACAACCCAGCAGTTC
6	50210	50277	67	48923093	48923159	48348957	48349023	ATATCTACTGAAATAAATTCTGCATTGGTGCTAAAAGTTTCTTGGATCACATTTTTATTAGCTAAAG
7	61271	61381	110	48934154	48934263	48360018	48360127	GGAAGTATTACAAATGGAAGATGATCTGGTGATTTCATTTCAGTTAATGCTATGTGTCCTTGACTATTTTATTAAACTCTCACCTCCCATGTTGCTCAAAGAACCATATA
8	64069	64211	142	48936952	48937093	48362816	48362957	AACAGCTGTTATACCCATTAATGGTTCACCTCGAACACCCAGGCGAGGTCAGAACAGGAGTGCACGGATAGCAAAACAACTAGAAAATGATACAAGAATTATTGAAGTTCTCTGTAAAGAACATGAATGTAATATAGATGAG
9	66148	66225	77	48939031	48939107	48364895	48364971	TGAAAAATGTTTATTTCAAAAATTTTATACCTTTTATGAATTCTCTTGGACTTGTAACATCTAATGGACTTCCAGAG
10	68748	68857	109	48941631	48941739	48367495	48367603	TTGAAAATCTTTCTAAACGATACGAAGAAATTTATCTTAAAAATAAAGATCTAGATGCAAGATTATTTTTGGATCATGATAAAACTCTTCAGACTGATTCTATAGACAG
11	69781	69858	77	48942664	48942740	48368528	48368604	TTTGAAACACAGAGAACACCACGAAAAAGTAACCTTGATGAAGAGGTGAATGTAATTCCTCCACACACTCCAGTTAG
12	74659	74746	87	48947542	48947628	48373406	48373492	ACTGTTATGAACACTATCCAACAATTAATGATGATTTTAAATTCAGCAAGTGATCAACCTTCAGAAAATCTGATTTCCTATTTTAAC
13	78172	78288	116	48951055	48951170	48376919	48377034	ACTGCACAGTGAATCCAAAAGAAAGTATACTGAAAAGAGTGAAGGATATAGGATACATCTTTAAAGAGAAATTTGCTAAAGCTGTGGGACAGGGTTGTGTCGAAATTGGATCACAG
14	80848	80904	56	48953731	48953786	48379595	48379650	GATACAAACTTGGAGTTCGCTTGTATTACCGAGTAATGGAATCCATGCTTAAATCA
15	81307	81338	31	48954190	48954220	48380054	48380084	AAGAAGAACGATTATCCATTCAAAATTTTAG
16	81419	81495	76	48954302	48954377	48380166	48380241	AAACTTCTGAATGACAACATTTTTCATATGTCTTTATTGGCGTGCGCTCTTGAGGTTGTAATGGCCACATATAGCA
17	82501	82697	196	48955384	48955579	48381248	48381443	AAGTACATCTCAGAATCTTGATTCTGGAACAGATTTGTCTTTCCCATGGATTCTGAATGTGCTTAATTTAAAAGCCTTTGATTTTTACAAAGTGATCGAAAGTTTTATCAAAGCAGAAGGCAACTTGACAAGAGAAATGATAAAACATTTAGAACGATGTGAACATCGAATCATGGAATCCCTTGCATGGCTCTCA
18	154247	154365	118	49027130	49027247	48452994	48453111	ATTCACCTTTATTTGATCTTATTAAACAATCAAAGGACCGAGAAGGACCAACTGATCACCTTGAATCTGCTTGTCCTCTTAATCTTCCTCTCCAGAATAATCACACTGCAGCAGATAT
19	157458	157603	145	49030341	49030485	48456205	48456349	TATCTTTCTCCTGTAAGATCTCCAAAGAAAAAAGGTTCAACTACGCGTGTAAATTCTACTGCAAATGCAGAGACACAAGCAACCTCAGCCTTCCAGACCCAGAAGCCATTGAAATCTACCTCTCTTTCACTGTTTTATAAAAAAG
20	160942	161087	145	49033825	49033969	48459689	48459833	GTATCGGCTAGCCTATCTCCGGCTAAATACACTTTGTGAACGCCTTCTGTCTGAGCACCCAGAATTAGAACATATCATCTGGACCCTTTTCCAGCACACCCTGCAGAATGAGTATGAACTCATGAGAGACAGGCATTTGGACCAA
21	164985	165089	104	49037868	49037971	48463732	48463835	TTATGATGTGTTCCATGTATGGCATATGCAAAGTGAAGAATATAGACCTTAAATTCAAAATCATTGTAACAGCATACAAGGATCTTCCTCATGCTGTTCAGGAG
22	166252	166365	113	49039135	49039247	48464999	48465111	CATTCAAACGTGTTTTGATCAAAGAAGAGGAGTATGATTCTATTATAGTATTCTATAACTCGGTCTTCATGCAGAGACTGAAAACAAATATTTTGCAGTATGCTTCCACCAGG
23	166459	166622	163	49039342	49039504	48465206	48465368	CCCCTACCTTGTCACCAATACCTCACATTCCTCGAAGCCCTTACAAGTTTCCTAGTTCACCCTTACGGATTCCTGGAGGGAACATCTATATTTCACCCCTGAAGAGTCCATATAAAATTTCAGAAGGTCTGCCAACACCAACAAAAATGACTCCAAGATCAAG
24	174614	174644	30	49047497	49047526	48473361	48473390	ATCTTAGTATCAATTGGTGAATCATTCGGG
25	177955	178097	142	49050838	49050979	48476702	48476843	CTTCTGAGAAGTTCCAGAAAATAAATCAGATGGTATGTAACAGCGACCGTGTGCTCAAAAGAAGTGCTGAAGGAAGCAACCCTCCTAAACCACTGAAAAAACTACGCTTTGATATTGAAGGATCAGATGAAGCAGATGGAAG
26	178609	178658	49	49051492	49051540	48477356	48477404	AAACATCTCCCAGGAGAGTCCAAATTTCAGCAGAAACTGGCAGAAATGA
27	181252	183144	1892	49054135	49056026	48479999	48481890	TTCTACTCGAACACGAATGCAAAAGCAGAAAATGAATGATAGCATGGATACCTCAAACAAGGAAGAGAAATGAGGATCTCAGGACCTTGGTGGACACTGTGTACACCTCTGGATTCATTGTCTCTCACAGATGTGACTGTATAACTTTCCCAGGTTCTGTTTATGGCCACATTTAATATCTTCAGCTCTTTTTGTGGATATAAAATGTGCAGATGCAATTGTTTGGGTGATTCCTAAGCCACTTGAAATGTTAGTCATTGTTATTTATACAAGATTGAAAATCTTGTGTAAATCCTGCCATTTAAAAAGTTGTAGCAGATTGTTTCCTCTTCCAAAGTAAAATTGCTGTGCTTTATGGATAGTAAGAATGGCCCTAGAGTGGGAGTCCTGATAACCCAGGCCTGTCTGACTACTTTGCCTTCTTTTGTAGCATATAGGTGATGTTTGCTCTTGTTTTTATTAATTTATATGTATATTTTTTTAATTTAACATGAACACCCTTAGAAAATGTGTCCTATCTATCTTCCAAATGCAATTTGATTGACTGCCCATTCACCAAAATTATCCTGAACTCTTCTGCAAAAATGGATATTATTAGAAATTAGAAAAAAATTACTAATTTTACACATTAGATTTTATTTTACTATTGGAATCTGATATACTGTGTGCTTGTTTTATAAAATTTTGCTTTTAATTAAATAAAAGCTGGAAGCAAAGTATAACCATATGATACTATCATACTACTGAAACAGATTTCATACCTCAGAATGTAAAAGAACTTACTGATTATTTTCTTCATCCAACTTATGTTTTTAAATGAGGATTATTGATAGTACTCTTGGTTTTTATACCATTCAGATCACTGAATTTATAAAGTACCCATCTAGTACTTGAAAAAGTAAAGTGTTCTGCCAGATCTTAGGTATAGAGGACCCTAACACAGTATATCCCAAGTGCACTTTCTAATGTTTCTGGGTCCTGAAGAATTAAGATACAAATTAATTTTACTCCATAAACAGACTGTTAATTATAGGAGCCTTAATTTTTTTTTCATAGAGATTTGTCTAATTGCATCTCAAAATTATTCTGCCCTCCTTAATTTGGGAAGGTTTGTGTTTTCTCTGGAATGGTACATGTCTTCCATGTATCTTTTGAACTGGCAATTGTCTATTTATCTTTTATTTTTTTAAGTCAGTATGGTCTAACACTGGCATGTTCAAAGCCACATTATTTCTAGTCCAAAATTACAAGTAATCAAGGGTCATTATGGGTTAGGCATTAATGTTTCTATCTGATTTTGTGCAAAAGCTTCAAATTAAAACAGCTGCATTAGAAAAAGAGGCGCTTCTCCCCTCCCCTACACCTAAAGGTGTATTTAAACTATCTTGTGTGATTAACTTATTTAGAGATGCTGTAACTTAAAATAGGGGATATTTAAGGTAGCTTCAGCTAGCTTTTAGGAAAATCACTTTGTCTAACTCAGAATTATTTTTAAAAAGAAATCTGGTCTTGTTAGAAAACAAAATTTTATTTTGTGCTCATTTAAGTTTCAAACTTACTATTTTGACAGTTATTTTGATAACAATGACACTAGAAAACTTGACTCCATTTCATCATTGTTTCTGCATGAATATCATACAAATCAGTTAGTTTTTAGGTCAAGGGCTTACTATTTCTGGGTCTTTTGCTACTAAGTTCACATTAGAATTAGTGCCAGAATTTTAGGAACTTCAGAGATCGTGTATTGAGATTTCTTAAATAATGCTTCAGATATTATTGCTTTATTGCTTTTTTGTATTGGTTAAAACTGTACATTTAAAATTGCTATGTTACTATTTTCTACAATTAATAGTTTGTCTATTTTAAAATAAATTAGTTGTTAAGAGTCTTAA
