#	LRG ID :	LRG_62						
#	Gene Symbol :	FOXP3						
#	Chromosome :	chrXp11.23-11.22						
#	Strand :	-						
#	Transcript number :	t1						
#								
# exon_no	start	end	exon_length	GRCh37.p13_start	GRCh37.p13_end	GRCh38.p7_start	GRCh38.p7_end	seq
1	5001	5166	165	49121287	49121123	49264824	49264660	CACACACTCATCGAAAAAAATTTGGATTATTAGAAGAGAGAGGTCTGCGGCTTCCACACCGTACAGCGTGGTTTTTCTTCTCGGTATAAAAGCAAAGTTGTTTTTGATACGTGACAGTTTCCCACAAGCCAGGCTGATCCTTTTCTGTCAGTCCACTTCACCAAG
2	11305	11536	231	49114983	49114753	49258520	49258290	CTGCCCTTGGACAAGGACCCGATGCCCAACCCCAGGCCTGGCAAGCCCTCGGCCCCTTCCTTGGCCCTTGGCCCATCCCCAGGAGCCTCGCCCAGCTGGAGGGCTGCACCCAAAGCCTCAGACCTGCTGGGGGCCCGGGGCCCAGGGGGAACCTTCCAGGGCCGAGATCTTCGAGGCGGGGCCCATGCCTCCTCTTCTTCCTTGAACCCCATGCCACCATCGCAGCTGCAG
3	12064	12168	104	49114224	49114121	49257761	49257658	TGCCCACACTGCCCCTAGTCATGGTGGCACCCTCCGGGGCACGGCTGGGCCCCTTGCCCCACTTACAGGCACTCCTCCAGGACAGGCCACATTTCATGCACCAG
4	12267	12405	138	49114021	49113884	49257558	49257421	TCTCAACGGTGGATGCCCACGCCCGGACCCCTGTGCTGCAGGTGCACCCCCTGGAGAGCCCAGCCATGATCAGCCTCACACCACCCACCACCGCCACTGGGGTCTTCTCCCTCAAGGCCCGGCCTGGCCTCCCACCTG
5	12820	12907	87	49113468	49113382	49257005	49256919	GATCAACGTGGCCAGCCTGGAATGGGTGTCCAGGGAGCCGGCACTGCTCTGCACCTTCCCAAATCCCAGTGCACCCAGGAAGGACAG
6	12977	13081	104	49113311	49113208	49256848	49256745	ACCCTTTCGGCTGTGCCCCAGAGCTCCTACCCACTGCTGGCAAATGGTGTCTGCAAGTGGCCCGGATGTGAGAAGGTCTTCGAAGAGCCAGAGGACTTCCTCAA
7	14026	14113	87	49112262	49112176	49255799	49255713	CACTGCCAGGCGGACCATCTTCTGGATGAGAAGGGCAGGGCACAATGTCTCCTCCAGAGAGAGATGGTACAGTCTCTGGAGCAGCAG
8	14319	14399	80	49111969	49111890	49255506	49255427	TGGTGCTGGAGAAGGAGAAGCTGAGTGCCATGCAGGCCCACCTGGCTGGGAAAATGGCACTGACCAAGGCTTCATCTGTG
9	15761	15911	150	49110527	49110378	49254064	49253915	CATCATCCGACAAGGGCTCCTGCTGCATCGTAGCTGCTGGCAGCCAAGGCCCTGTCGTCCCAGCCTGGTCTGGCCCCCGGGAGGCCCCTGACAGCCTGTTTGCTGTCCGGAGGCACCTGTGGGGTAGCCATGGAAACAGCACATTCCCAG
10	16626	16702	76	49109662	49109587	49253199	49253124	GTTCCTCCACAACATGGACTACTTCAAGTTCCACAACATGCGACCCCCTTTCACCTACGCCACGCTCATCCGCTGG
11	18063	18164	101	49108225	49108125	49251762	49251662	CCATCCTGGAGGCTCCAGAGAAGCAGCGGACACTCAATGAGATCTACCACTGGTTCACACGCATGTTTGCCTTCTTCAGAAACCATCCTGCCACCTGGAAG
12	18345	19392	1047	49107943	49106897	49251480	49250434	ACGCCATCCGCCACAACCTGAGTCTGCACAAGTGCTTTGTGCGGGTGGAGAGCGAGAAGGGGGCTGTGTGGACCGTGGATGAGCTGGAGTTCCGCAAGAAACGGAGCCAGAGGCCCAGCAGGTGTTCCAACCCTACACCTGGCCCCTGACCTCAAGATCAAGGAAAGGAGGATGGACGAACAGGGGCCAAACTGGTGGGAGGCAGAGGTGGTGGGGGCAGGGATGATAGGCCCTGGATGTGCCCACAGGGACCAAGAAGTGAGGTTTCCACTGTCTTGCCTGCCAGGGCCCCTGTTCCCCCGCTGGCAGCCACCCCCTCCCCCATCATATCCTTTGCCCCAAGGCTGCTCAGAGGGGCCCCGGTCCTGGCCCCAGCCCCCACCTCCGCCCCAGACACACCCCCCAGTCGAGCCCTGCAGCCAAACAGAGCCTTCACAACCAGCCACACAGAGCCTGCCTCAGCTGCTCGCACAGATTACTTCAGGGCTGGAAAAGTCACACAGACACACAAAATGTCACAATCCTGTCCCTCACTCAACACAAACCCCAAAACACAGAGAGCCTGCCTCAGTACACTCAAACAACCTCAAAGCTGCATCATCACACAATCACACACAAGCACAGCCCTGACAACCCACACACCCCAAGGCACGCACCCACAGCCAGCCTCAGGGCCCACAGGGGCACTGTCAACACAGGGGTGTGCCCAGAGGCCTACACAGAAGCAGCGTCAGTACCCTCAGGATCTGAGGTCCCAACACGTGCTCGCTCACACACACGGCCTGTTAGAATTCACCTGTGTATCTCACGCATATGCACACGCACAGCCCCCCAGTGGGTCTCTTGAGTCCCGTGCAGACACACACAGCCACACACACTGCCTTGCCAAAAATACCCCGTGTCTCCCCTGCCACTCACCTCACTCCCATTCCCTGAGCCCTGATCCATGCCTCAGCTTAGACTGCAGAGGAACTACTCATTTATTTGGGATCCAAGGCCCCCAACCCACAGTACCGTCCCCAATAAACTGCAGCCGAGCTCCCCACA
