#	LRG ID :	LRG_292						
#	Gene Symbol :	TMEM106A						
#	Chromosome :	chr17						
#	Strand :	-						
#	Transcript number :	t1						
#								
# exon_no	start	end	exon_length	GRCh37.p13_start	GRCh37.p13_end	GRCh38.p7_start	GRCh38.p7_end	seq
1	92501	92713	212	41277499	41277288	43125480	43125269	TACCTTGATTTCGTATTCTGAGAGGCTGCTGCTTAGCGGTAGCCCCTTGGTTTCCGTGGCAACGGAAAAGCGCGGGAATTACAGATAAATTAAAACTGCGACTGCGCGGCGTGAGCTCGCTGAGACTTCCTGGACGGGGGACAGGCTGTGGGGTTTCTCAGATAACTGGGCCCCTGCGCTCAGGAGGCCTTCACCCTCTGCTCTGGGTAAAG
2	93869	93967	98	41276131	41276034	43124112	43124015	TCATTGGAACAGAAAGAAATGGATTTATCTGCTCTTCGCGTTGAAGAAGTACAAAATGTCATTAATGCTATGCAGAAAATCTTAGAGTGTCCCATCTG
3	102205	102258	53	41267795	41267743	43115776	43115724	CTGGAGTTGATCAAGGAACCTGTCTCCACAAAGTGTGACCACATATTTTGCAA
4	111451	111528	77	41258549	41258473	43106530	43106454	TTTTGCATGCTGAAACTTCTCAACCAGAAGAAAGGGCCTTCACAGTGTCCTTTATGTAAGAATGATATAACCAAAAG
5	113028	113116	88	41256972	41256885	43104953	43104866	AGCCTACAAGAAAGTACGAGATTTAGTCAACTTGTTGAAGAGCTATTGAAAATCATTTGTGCTTTTCAGCTTGACACAGGTTTGGAGT
6	113723	113862	139	41256277	41256139	43104258	43104120	TGCAAACAGCTATAATTTTGCAAAAAAGGAAAATAACTCTCCTGAACATCTAAAAGATGAAGTTTCTATCATCCAAAGTATGGGCTACAGAAACCGTGCCAAAAGACTTCTACAGAGTGAACCCGAAAATCCTTCCTTG
7	118104	118209	105	41251896	41251792	43099877	43099773	AGGAAACCAGTCTCAGTGTCCAACTCTCTAACCTTGGAACTGTGAGAACTCTGAGGACAAAGCAGCGGATACAACCTCAAAAGACGTCTGTCTACATTGAATTGG
8	120695	120740	45	41249305	41249261	43097286	43097242	ATCTGATTCTTCTGAAGATACCGTTAATAAGGCAACTTATTGCAG
9	122062	122138	76	41247938	41247863	43095919	43095844	GTGGGAGATCAAGAATTGTTACAAATCACCCCTCAAGGAACCAGGGATGAAATCAGTTTGGATTCTGCAAAAAAGG
10	123124	126549	3425	41246876	41243452	43094857	43091433	TGCTTGTGAATTTTCTGAGACGGATGTAACAAATACTGAACATCATCAACCCAGTAATAATGATTTGAACACCACTGAGAAGCGTGCAGCTGAGAGGCATCCAGAAAAGTATCAGGGTAGTTCTGTTTCAAACTTGCATGTGGAGCCATGTGGCACAAATACTCATGCCAGCTCATTACAGCATGAGAACAGCAGTTTATTACTCACTAAAGACAGAATGAATGTAGAAAAGGCTGAATTCTGTAATAAAAGCAAACAGCCTGGCTTAGCAAGGAGCCAACATAACAGATGGGCTGGAAGTAAGGAAACATGTAATGATAGGCGGACTCCCAGCACAGAAAAAAAGGTAGATCTGAATGCTGATCCCCTGTGTGAGAGAAAAGAATGGAATAAGCAGAAACTGCCATGCTCAGAGAATCCTAGAGATACTGAAGATGTTCCTTGGATAACACTAAATAGCAGCATTCAGAAAGTTAATGAGTGGTTTTCCAGAAGTGATGAACTGTTAGGTTCTGATGACTCACATGATGGGGAGTCTGAATCAAATGCCAAAGTAGCTGATGTATTGGACGTTCTAAATGAGGTAGATGAATATTCTGGTTCTTCAGAGAAAATAGACTTACTGGCCAGTGATCCTCATGAGGCTTTAATATGTAAAAGTGAAAGAGTTCACTCCAAATCAGTAGAGAGTAATATTGAAGACAAAATATTTGGGAAAACCTATCGGAAGAAGGCAAGCCTCCCCAACTTAAGCCATGTAACTGAAAATCTAATTATAGGAGCATTTGTTACTGAGCCACAGATAATACAAGAGCGTCCCCTCACAAATAAATTAAAGCGTAAAAGGAGACCTACATCAGGCCTTCATCCTGAGGATTTTATCAAGAAAGCAGATTTGGCAGTTCAAAAGACTCCTGAAATGATAAATCAGGGAACTAACCAAACGGAGCAGAATGGTCAAGTGATGAATATTACTAATAGTGGTCATGAGAATAAAACAAAAGGTGATTCTATTCAGAATGAGAAAAATCCTAACCCAATAGAATCACTCGAAAAAGAATCTGCTTTCAAAACGAAAGCTGAACCTATAAGCAGCAGTATAAGCAATATGGAACTCGAATTAAATATCCACAATTCAAAAGCACCTAAAAAGAATAGGCTGAGGAGGAAGTCTTCTACCAGGCATATTCATGCGCTTGAACTAGTAGTCAGTAGAAATCTAAGCCCACCTAATTGTACTGAATTGCAAATTGATAGTTGTTCTAGCAGTGAAGAGATAAAGAAAAAAAAGTACAACCAAATGCCAGTCAGGCACAGCAGAAACCTACAACTCATGGAAGGTAAAGAACCTGCAACTGGAGCCAAGAAGAGTAACAAGCCAAATGAACAGACAAGTAAAAGACATGACAGCGATACTTTCCCAGAGCTGAAGTTAACAAATGCACCTGGTTCTTTTACTAAGTGTTCAAATACCAGTGAACTTAAAGAATTTGTCAATCCTAGCCTTCCAAGAGAAGAAAAAGAAGAGAAACTAGAAACAGTTAAAGTGTCTAATAATGCTGAAGACCCCAAAGATCTCATGTTAAGTGGAGAAAGGGTTTTGCAAACTGAAAGATCTGTAGAGAGTAGCAGTATTTCATTGGTACCTGGTACTGATTATGGCACTCAGGAAAGTATCTCGTTACTGGAAGTTAGCACTCTAGGGAAGGCAAAAACAGAACCAAATAAATGTGTGAGTCAGTGTGCAGCATTTGAAAACCCCAAGGGACTAATTCATGGTTGTTCCAAAGATAATAGAAATGACACAGAAGGCTTTAAGTATCCATTGGGACATGAAGTTAACCACAGTCGGGAAACAAGCATAGAAATGGAAGAAAGTGAACTTGATGCTCAGTATTTGCAGAATACATTCAAGGTTTCAAAGCGCCAGTCATTTGCTCCGTTTTCAAATCCAGGAAATGCAGAAGAGGAATGTGCAACATTCTCTGCCCACTCTGGGTCCTTAAAGAAACAAAGTCCAAAAGTCACTTTTGAATGTGAACAAAAGGAAGAAAATCAAGGAAAGAATGAGTCTAATATCAAGCCTGTACAGACAGTTAATATCACTGCAGGCTTTCCTGTGGTTGGTCAGAAAGATAAGCCAGTTGATAATGCCAAATGTAGTATCAAAGGAGGCTCTAGGTTTTGTCTATCATCTCAGTTCAGAGGCAACGAAACTGGACTCATTACTCCAAATAAACATGGACTTTTACAAAACCCATATCGTATACCACCACTTTTTCCCATCAAGTCATTTGTTAAAACTAAATGTAAGAAAAATCTGCTAGAGGAAAACTTTGAGGAACATTCAATGTCACCTGAAAGAGAAATGGGAAATGAGAACATTCCAAGTACAGTGAGCACAATTAGCCGTAATAACATTAGAGAAAATGTTTTTAAAGAAGCCAGCTCAAGCAATATTAATGAAGTAGGTTCCAGTACTAATGAAGTGGGCTCCAGTATTAATGAAATAGGTTCCAGTGATGAAAACATTCAAGCAGAACTAGGTAGAAACAGAGGGCCAAAATTGAATGCTATGCTTAGATTAGGGGTTTTGCAACCTGAGGTCTATAAACAAAGTCTTCCTGGAAGTAATTGTAAGCATCCTGAAATAAAAAAGCAAGAATATGAAGAAGTAGTTCAGACTGTTAATACAGATTTCTCTCCATATCTGATTTCAGATAACTTAGAACAGCCTATGGGAAGTAGTCATGCATCTCAGGTTTGTTCTGAGACACCTGATGACCTGTTAGATGATGGTGAAATAAAGGAAGATACTAGTTTTGCTGAAAATGACATTAAGGAAAGTTCTGCTGTTTTTAGCAAAAGCGTCCAGAAAGGAGAGCTTAGCAGGAGTCCTAGCCCTTTCACCCATACACATTTGGCTCAGGGTTACCGAAGAGGGGCCAAGAAATTAGAGTCCTCAGAAGAGAACTTATCTAGTGAGGATGAAGAGCTTCCCTGCTTCCAACACTTGTTATTTGGTAAAGTAAACAATATACCTTCTCAGTCTACTAGGCATAGCACCGTTGCTACCGAGTGTCTGTCTAAGAACACAGAGGAGAATTTATTATCATTGAAGAATAGCTTAAATGACTGCAGTAACCAGGTAATATTGGCAAAGGCATCTCAGGAACATCACCTTAGTGAGGAAACAAAATGTTCTGCTAGCTTGTTTTCTTCACAGTGCAGTGAATTGGAAGACTTGACTGCAAATACAAACACCCAGGATCCTTTCTTGATTGGTTCTTCCAAACAAATGAGGCATCAGTCTGAAAGCCAGGGAGTTGGTCTGAGTGACAAGGAATTGGTTTCAGATGATGAAGAAAGAGGAACGGGCTTGGAAGAAAATAATCAAGAAGAGCAAAGCATGGATTCAAACTTAG
11	126952	127040	88	41243048	41242961	43091029	43090942	TGAAGCAGCATCTGGGTGTGAGAGTGAAACAAGCGTCTCTGAAGACTGCTCAGGGCTATCCTCTCAGAGTGACATTTTAACCACTCAG
12	135409	135580	171	41234591	41234421	43082572	43082402	AGAGGGATACCATGCAACATAACCTGATAAAGCTCCAGCAGGAAATGGCTGAACTAGAAGCTGTGTTAGAACAGCATGGGAGCCAGCCTTCTAACAGCTACCCTTCCATCATAAGTGACTCTTCTGCCCTTGAGGACCTGCGAAATCCAGAACAAAGCACATCAGAAAAAG
13	141370	141496	126	41228630	41228505	43076611	43076486	AGTATTAACTTCACAGAAAAGTAGTGAATACCCTATAAGCCAGAATCCAGAAGGCCTTTCTGCTGACAAGTTTGAGGTGTCTGCAGATAGTTCTACCAGTAAAAATAAAGAACCAGGAGTGGAAAG
14	143463	143653	190	41226537	41226348	43074518	43074329	TCATCCCCTTCTAAATGCCCATCATTAGATGATAGGTGGTACATGCACAGTTGCTCTGGGAGTCTTCAGAATAGAAACTACCCATCTCAAGAGGAGCTCATTAAGGTTGTTGATGTGGAGGAGCAACAGCTGGAAGAGTCTGGGCCACACGATTTGACGGAAACATCTTACTTGCCAAGGCAAGATCTAG
15	146746	147056	310	41223254	41222945	43071235	43070926	GGGAACCCCTTACCTGGAATCTGGAATCAGCCTCTTCTCTGATGACCCTGAATCTGATCCTTCTGAAGACAGAGCCCCAGAGTCAGCTCGTGTTGGCAACATACCATCTTCAACCTCTGCATTGAAAGTTCCCCAATTGAAAGTTGCAGAATCTGCCCAGAGTCCAGCTGCTGCTCATACTACTGATACTGCTGGGTATAATGCAATGGAAGAAAGTGTGAGCAGGGAGAAGCCAGAATTGACAGCTTCAACAGAAAGGGTCAACAAAAGAATGTCCATGGTGGTGTCTGGCCTGACCCCAGAAGAATTT
16	150289	150376	87	41219711	41219625	43067692	43067606	TGCTCGTGTACAAGTTTGCCAGAAAACACCACATCACTTTAACTAATCTAATTACTGAAGAGACTACTCATGTTGTTATGAAAACAG
17	154033	154110	77	41215967	41215891	43063948	43063872	TGCTGAGTTTGTGTGTGAACGGACACTGAAATATTTTCTAGGAATTGCGGGAGGAAAATGGGTAGTTAGCTATTTCT
18	154611	154651	40	41215389	41215350	43063370	43063331	GGTGACCCAGTCTATTAAAGAAAGAAAAATGCTGAATGAG
19	160849	160932	83	41209151	41209069	43057132	43057050	ATGATTTTGAAGTCAGAGGAGATGTGGTCAATGGAAGAAACCACCAAGGTCCAAAGCGAGCAAGAGAATCCCAGGACAGAAAG
20	166867	166921	54	41203133	41203080	43051114	43051061	TCTTCAGGGGGCTAGAAATCTGTTGCTATGGGCCCTTCACCAACATGCCCACAG
21	168790	168863	73	41201210	41201138	43049191	43049119	TCAACTGGAATGGATGGTACAGCTGTGTGGTGCTTCTGTGGTGAAGGAGCTTTCATCATTCACCCTTGGCACA
22	170281	170341	60	41199719	41199660	43047700	43047641	GTGTCCACCCAATTGTGGTTGTGCAGCCAGATGCCTGGACAGAGGACAATGGCTTCCATG
23	172182	173689	1507	41197818	41196312	43045799	43044293	AATTGGGCAGATGTGTGAGGCACCTGTGGTGACCCGAGAGTGGGTGTTGGACAGTGTAGCACTCTACCAGTGCCAGGAGCTGGACACCTACCTGATACCCCAGATCCCCCACAGCCACTACTGACTGCAGCCAGCCACAGGTACAGAGCCACAGGACCCCAAGAATGAGCTTACAAAGTGGCCTTTCCAGGCCCTGGGAGCTCCTCTCACTCTTCAGTCCTTCTACTGTCCTGGCTACTAAATATTTTATGTACATCAGCCTGAAAAGGACTTCTGGCTATGCAAGGGTCCCTTAAAGATTTTCTGCTTGAAGTCTCCCTTGGAAATCTGCCATGAGCACAAAATTATGGTAATTTTTCACCTGAGAAGATTTTAAAACCATTTAAACGCCACCAATTGAGCAAGATGCTGATTCATTATTTATCAGCCCTATTCTTTCTATTCAGGCTGTTGTTGGCTTAGGGCTGGAAGCACAGAGTGGCTTGGCCTCAAGAGAATAGCTGGTTTCCCTAAGTTTACTTCTCTAAAACCCTGTGTTCACAAAGGCAGAGAGTCAGACCCTTCAATGGAAGGAGAGTGCTTGGGATCGATTATGTGACTTAAAGTCAGAATAGTCCTTGGGCAGTTCTCAAATGTTGGAGTGGAACATTGGGGAGGAAATTCTGAGGCAGGTATTAGAAATGAAAAGGAAACTTGAAACCTGGGCATGGTGGCTCACGCCTGTAATCCCAGCACTTTGGGAGGCCAAGGTGGGCAGATCACTGGAGGTCAGGAGTTCGAAACCAGCCTGGCCAACATGGTGAAACCCCATCTCTACTAAAAATACAGAAATTAGCCGGTCATGGTGGTGGACACCTGTAATCCCAGCTACTCAGGTGGCTAAGGCAGGAGAATCACTTCAGCCCGGGAGGTGGAGGTTGCAGTGAGCCAAGATCATACCACGGCACTCCAGCCTGGGTGACAGTGAGACTGTGGCTCAAAAAAAAAAAAAAAAAAAGGAAAATGAAACTAGAAGAGATTTCTAAAAGTCTGAGATATATTTGCTAGATTTCTAAAGAATGTGTTCTAAAACAGCAGAAGATTTTCAAGAACCGGTTTCCAAAGACAGTCTTCTAATTCCTCATTAGTAATAAGTAAAATGTTTATTGTTGTAGCTCTGGTATATAATCCATTCCTCTTAAAATATAAGACCTCTGGCATGAATATTTCATATCTATAAAATGACAGATCCCACCAGGAAGGAAGCTGTTGCTTTCTTTGAGGTGATTTTTTTCCTTTGCTCCCTGTTGCTGAAACCATACAGCTTCATAAATAATTTTGCTTGCTGAAGGAAGAAAAAGTGTTTTTCATAAACCCATTATCCAGGACTGTTTATAGCTGTTGGAAGGACTAGGTCTTCCCTAGCCCCCCCAGTGTGCAAGGGCAGTGAAGACTTGATTGTACAAAATACGTTTTGTAAATGTTGTGCTGTTAACACTGCAAATAAACTTGGTAGCAAACACTTCCA
